9582113310,Nert,Sherborne,1567,0xd43e20f609d1f5a2507585a0191f2721a9c9152a,1220041865,nsherborne0@deliciousdays.com
9402705794,Harriott,Davidovici,1568,0x0d01276f47bba3f22f9e487e79dab21d3e42ad9f,1220041866,hdavidovici1@artisteer.com
9753718495,Giacomo,Pencost,1569,0x5f4656e48fe1dc0b37abd5e8a0e3288263206637,1220041867,gpencost2@last.fm
9278990716,Aimee,Dives,1570,0xaa8a177af01fbb2dddf5a4fd7d6043cf397b3156,1220041868,adives3@indiegogo.com
9369475386,Carina,Wilkisson,1571,0xf14caa1cb3b3ddb6b3f8bac3e35175463cdaca20,1220041869,cwilkisson4@wix.com
9650145058,Janot,Baigent,1572,0x612563290e2ee6e041b63d6932a4a389dea96f89,1220041870,jbaigent5@illinois.edu
9055477144,Shellie,Curteis,1573,0x06628d42be739f339ba20b5f89f5bae9975cdf92,1220041871,scurteis6@google.it
9993942664,Marylin,Cotte,1574,0x8878e74f2c97d5d42166d6433d7b6020e4caa06e,1220041872,mcotte7@umich.edu
9103233928,Ruperta,Rawcliffe,1575,0x6fc7b3d8f2c960074a296085084a40f0f9cf627c,1220041873,rrawcliffe8@oaic.gov.au
9779766465,Raine,Cavnor,1576,0xd4266a529b18a64658c226835f28241ebe6d4277,1220041874,rcavnor9@biblegateway.com
9086371074,Moise,Spens,1577,0xab82c2d4c84337fcca8e9418080ed3c2d53a8cf7,1220041875,mspensa@hatena.ne.jp
9798876049,Cicily,Arnison,1578,0x056368b96b9d1538ad999ac442d66738c8bf6756,1220041876,carnisonb@hao123.com
9793667141,Valle,Dunphy,1579,0x9eb7f9fb5d2c55d6353d37277183e423d0734607,1220041877,vdunphyc@theglobeandmail.com
9945296738,Harmonia,Sparks,1580,0x8992316a737693b746355843c87822bf3552b02b,1220041878,hsparksd@ibm.com
9681272004,Aldo,McCluin,1581,0x574ff1245e6e8d396b473a687a13c32fdcda5dab,1220041879,amccluine@acquirethisname.com
9807236454,Brooks,Bealton,1582,0x5f0f26bf82c7fe765f28488de604265847760159,1220041880,bbealtonf@edublogs.org
9302290534,Joline,Waby,1583,0x8e4d550242a1b593b8344b2242ba115391550509,1220041881,jwabyg@example.com
9577042436,Hammad,Threadkell,1584,0xbcfe5f406d08638910f2551a45c3868da42b72e6,1220041882,hthreadkellh@microsoft.com
9130480547,Papageno,Muckeen,1585,0x7dcff00a6bf5aa0bfeef848377a8816ad90c4309,1220041883,pmuckeeni@over-blog.com
9372085067,Demeter,Millard,1586,0x44fbfafc611d32fab8f24872c6924ea52c15ea31,1220041884,dmillardj@webeden.co.uk
9824282938,Alfie,Braune,1587,0xd44cd2d60773534d799c1952c0e3c659d8846335,1220041885,abraunek@nifty.com
9078317080,Victoria,Eglaise,1588,0x572d5df9845570302ca37ff825e79f0cf81c7336,1220041886,veglaisel@reverbnation.com
9598986102,Isac,Roughley,1589,0x84b49722bc3e392d4eb939c49884191554e30865,1220041887,iroughleym@google.com.br
9410653923,Wesley,Fabler,1590,0x8e4255c4795a3f1a2f67f9f7c7b3304257328d39,1220041888,wfablern@stanford.edu
9526832764,Napoleon,Elverstone,1591,0x1777f5909e73c53227944ccd0089db72ceae7c87,1220041889,nelverstoneo@phpbb.com
9715827062,Angelo,Iannitti,1592,0xd97c4225b5c2caba56c613aa80937e7411c697a4,1220041890,aiannittip@columbia.edu
9313744772,Kristopher,Atcock,1593,0x1e7e93d72f48d159e031c7de92ec38ce7e8bb030,1220041891,katcockq@acquirethisname.com
9101183691,Brandy,Noar,1594,0x9fd9585f13582140b3a05fbdbdd1433c1e0f3479,1220041892,bnoarr@addtoany.com
9838566348,Chlo,Whellams,1595,0x93ccb14d25b0da6a9d1b5cf92316ac204398aa6d,1220041893,cwhellamss@ovh.net
9034325402,Mikol,Southwick,1596,0x44ae11d617628136ecabc1afa94883f36a2db380,1220041894,msouthwickt@dailymail.co.uk
9252949481,Tomkin,Kirkup,1597,0x812f6200e89bea659fa7fefb0c359d278fdf94b9,1220041895,tkirkupu@mail.ru
9282390759,Arther,Haywood,1598,0xcf7c2cd1736b91b2deb65c11922c2068e8a3ad62,1220041896,ahaywoodv@cloudflare.com
9638039247,Jerrie,Beceril,1599,0xf284e1343b3ebc7ba6b17f8b54c38b0e8a2b5d4c,1220041897,jbecerilw@mit.edu
9144764468,Sula,McConnel,1600,0x5c3b28b46870c34086d5ed7cb907471b74a0951b,1220041898,smcconnelx@naver.com
9231408133,Gert,Regan,1601,0x4a449e6637c35eb0fea91a30034bcfb39d306ca0,1220041899,goregany@engadget.com
9488610709,Peri,Duffy,1602,0xf5e2739515c5e41e7116fce2c2537a5906ef807b,1220041900,pduffyz@adobe.com
9736902585,Jasper,MacGorman,1603,0xce4d38673c1e15885d91ab501a958a66a2f00d67,1220041901,jmacgorman10@1688.com
9258573642,Remington,Calliss,1604,0xd0fda4e4521f76900d039456589193b4ac77b54e,1220041902,rcalliss11@163.com
9787047368,Shantee,Tulley,1605,0x4314a9259ce18b83271f9be55203a6d1d9f3216d,1220041903,stulley12@last.fm
9460775921,Lorene,Gilbert,1606,0x33887b61fca74b99309c0f729e5d7e7d4f3fa7b8,1220041904,lgilbert13@arizona.edu
9567266904,Waverly,Tinson,1607,0x1d0ba0edd699211ef9ff81ebb415ca4191b52a0a,1220041905,wtinson14@comcast.net
9219627800,Pren,Olivo,1608,0x1662c5695f977ac3c8f57de433cd3eacb9395f2c,1220041906,polivo15@trellian.com
9008012020,Lorens,MacKessock,1609,0x80359b514b863728a604e4873b9094ac3e4ccd94,1220041907,lmackessock16@a8.net
9255731997,Byran,Maffy,1610,0xb537277a9435aa8092af49d2744a172aee1301e5,1220041908,bmaffy17@weather.com
9716568622,Silvester,Blades,1611,0xabf00d36aeaaf814c19bc3f35f2d711d79bab57c,1220041909,sblades18@taobao.com
9060758210,Deck,Chantree,1612,0xd520e61b7f8ce4e9fead9c657a03bfb40231a803,1220041910,dchantree19@instagram.com
9640727637,Yul,Reddick,1613,0xd766b2f7f8a76d0d73492dc841437fa390fdae4a,1220041911,yreddick1a@buzzfeed.com
9640171707,Thain,Atterley,1614,0x1a50bbafab69395eb8d062962fad2e28b015580d,1220041912,tatterley1b@timesonline.co.uk
9589298106,Spike,Maunsell,1615,0xf731b617a57d684f60e9d9936950089727e1d195,1220041913,smaunsell1c@nydailynews.com
9539972646,Suki,Jeans,1616,0x771f35f9dd9171a3800e729871fb253c4d977d6c,1220041914,sjeans1d@bandcamp.com
9262410382,Ramon,Dmtrovic,1567,0xd0cd3c63297af3fd63e26522d40badd3a9706d6d,1220041915,rdmtrovic1e@jugem.jp
9050316648,Nan,Torfin,1568,0xde7bfabe1cdb9252518ffd28dfd3ccb32f646226,1220041916,ntorfin1f@ucsd.edu
9006991621,Conan,Rathbourne,1569,0xcc56780d46855119289f20713c657e78e52e2015,1220041917,crathbourne1g@github.com
9893665021,Teresita,Buglass,1570,0x8ef59bae65d47dffd9c66f753a1b63e330118721,1220041918,tbuglass1h@discuz.net
9510236289,Tana,Concannon,1571,0x25a44aec149fe5517ab73aa4192793720c04531f,1220041919,tconcannon1i@storify.com
9165495657,Caritta,Dangl,1572,0xa91017dc8ed3658928ef2d92710e56ae165b9f66,1220041920,cdangl1j@soundcloud.com
9470215526,Floyd,Andrzejowski,1573,0x050b7cdb1212b086d3115f56e0fde176af543cb7,1220041921,fandrzejowski1k@slashdot.org
9122021034,Willamina,Cadman,1574,0xcad90109ef499e2af82b23a6430722ff6addcd67,1220041922,wcadman1l@msu.edu
9513967018,Eddie,Tremain,1575,0x255f471035807cce35c0d974bb6b6bc7c126de51,1220041923,etremain1m@freewebs.com
9058523351,Mario,Jirzik,1576,0xe6eac2dcd6f8860a368007badc7b219361c4b0be,1220041924,mjirzik1n@php.net
9376686225,Corabelle,Nice,1577,0xccef4c965b94fe6858d4aa70cb5f04af7e08a054,1220041925,cnice1o@smugmug.com
9254838776,Aigneis,Wanklin,1578,0x7f99e8347b2e1dc753a89f5a2438ebceafdae160,1220041926,awanklin1p@imgur.com
9727652945,Fax,Byass,1579,0x00c1bf739004f0877a64e5286e47733e2aac6ebe,1220041927,fbyass1q@xrea.com
9583496434,Fey,Broadis,1580,0xbf3213c7eafb9385040fe8c2f94f2e028777eda6,1220041928,fbroadis1r@cornell.edu
9165865988,Benny,Wadmore,1581,0x599c1213e0093e52c69a2716dd90813158891213,1220041929,bwadmore1s@unesco.org
9927809905,Bartlett,Bickersteth,1582,0x7056028f6fd747954c77c302e4d2378c7074e28e,1220041930,bbickersteth1t@scribd.com
9699270150,Kaela,Vereker,1583,0xba00f0dd47b1f08514a80098f9e222d740cc271d,1220041931,kvereker1u@google.es
9672818479,Saxe,Beasleigh,1584,0x5316ab4825d7b5294c68173347c736fcd4dd2f29,1220041932,sbeasleigh1v@mtv.com
9895848366,Grant,Lovering,1585,0xd1e5268f8b77c3389566c88406a5606d201efc8e,1220041933,glovering1w@soup.io
9097294506,Erin,Lebarree,1586,0x37991048dfdd5d5a401095d9000fb5e772e38d03,1220041934,elebarree1x@hao123.com
9474485783,Walliw,Claibourn,1587,0x0ddc9cddb4e9da49b5c87e6f6c1dd7c96d01f543,1220041935,wclaibourn1y@dropbox.com
9811242660,Katharine,Yurivtsev,1588,0xb41ecdfe72b7ea182985a3f22d0122a3a42e49f1,1220041936,kyurivtsev1z@pcworld.com
9045682906,Elysia,Iacoviello,1589,0x6628ce437f8e007a5fcda19ae4653172985c851b,1220041937,eiacoviello20@gov.uk
9340897939,Dierdre,Orlton,1590,0x1528b2ef9208221fe903126a2aef436e6b8d83d2,1220041938,dorlton21@discovery.com
9113985909,Aluin,Leat,1591,0x099a81ebdabb2365c5adae5c9dfda070ec4fad6e,1220041939,aleat22@timesonline.co.uk
9585461589,Colly,Mycock,1592,0x750e6953e35947e1c254576799ad8f5b2f376777,1220041940,cmycock23@trellian.com
9753806033,Roxana,Spurett,1593,0x92128b3d05bfd66189261e0b30183e7f2e2730d7,1220041941,rspurett24@illinois.edu
9113129338,Ronnica,Steljes,1594,0xd2d4569b2b7ec87ebe3a7c8059a1b9be56919dcc,1220041942,rsteljes25@mlb.com
9318131314,Waring,Wroughton,1595,0x02d8a1634e0c3a7aa5d37c576cbaf4b175f9ed97,1220041943,wwroughton26@quantcast.com
9323881901,Melly,Culy,1596,0xaf4e433aace6ee4d14b46c1a8121cf5bdb08944b,1220041944,mculy27@storify.com
9704280634,Griffie,Yedall,1597,0x81897b755e550f5c2d20dd559df34f56ba411ef7,1220041945,gyedall28@lulu.com
9406578022,Irene,Mulholland,1598,0x612c4cc78895c49cb94eae35dbb725dedaf4f0b6,1220041946,imulholland29@reference.com
9342554284,Tiffie,Spera,1599,0x7daa3b9579dcd89c1c80d3b607b7fb92212c32e7,1220041947,tspera2a@pen.io
9158464834,Ethelred,Doctor,1600,0x8fa6f623236f74988b1d53216882acc4b82d6219,1220041948,edoctor2b@miibeian.gov.cn
9992471258,Shayne,Derle,1601,0x9913dedb4afb42a3bad3b568abf429374426a24c,1220041949,sderle2c@a8.net
9891810248,Harriot,Gatty,1602,0x17fb9a52bba80788e9207abbd66926bf5ade7252,1220041950,hgatty2d@bloglovin.com
9732647145,Kippar,Bolger,1603,0x74d4588cc3982b3d18a776291b0dd4076f335f03,1220041951,kbolger2e@patch.com
9758852143,Lesly,Fewings,1604,0x771d2a63966c3fa0ccab27c14462490d62ec457e,1220041952,lfewings2f@umn.edu
9324652799,Michele,Tansley,1605,0x8d325a11bceb1d22fcad4f0b5575cc781004dbc6,1220041953,mtansley2g@themeforest.net
9934442064,Patrice,Heber,1606,0xbff1cf7b14a061bef18390caafa6bd64e3ace832,1220041954,pheber2h@theguardian.com
9802791484,Burk,Magill,1607,0xbef72557324c04bf890c8c07b501c9d1ebdad690,1220041955,bmagill2i@google.com.hk
9942924826,Lee,Dunston,1608,0x8c0d14ec3c5e399196825f6e84407fde4319d3b2,1220041956,ldunston2j@timesonline.co.uk
9115607086,Virge,Plowright,1609,0x24ee04e8a94255270ab9dba0857357015f39c397,1220041957,vplowright2k@t-online.de
9007447036,Wilhelm,Falco,1610,0x2a7a0cd063891b54f1c31f10f5da1b4618fc9ffb,1220041958,wfalco2l@nasa.gov
9842191175,Kain,Dudding,1611,0x488f3889ae9824ba19118a0f906c96f34fedf4f7,1220041959,kdudding2m@wordpress.com
9113000423,Lavinia,Maccaddie,1612,0xe825fcb1c8903d2079b8d1d2a88a3a5293244cee,1220041960,lmaccaddie2n@issuu.com
9603776199,Carine,Ramage,1613,0x3886dfb670fa5544281a5291ca0923d23297230e,1220041961,cramage2o@diigo.com
9356312728,Jennette,Noweak,1614,0x812107dfa53f5f43656be8aebf9ecc08bca19d57,1220041962,jnoweak2p@angelfire.com
9261883924,Heidie,Dalgetty,1615,0xccd9fba656e156918fa39d239d0fb8d149bdc9bc,1220041963,hdalgetty2q@eventbrite.com
9829821143,Asher,Jurek,1616,0x8e7eff5914b9ec8ecfabac9dcb950909dbb52551,1220041964,ajurek2r@miibeian.gov.cn
